Actual Sales,Predicted Sales,Absolute Error
157.7946,163.5302,5.735597143554685
140.2838,160.01459,19.730787402343736
190.1872,143.70189,46.48531096191405
208.127,177.26031,30.86668505859376
34.9532,56.769627,21.816426617431638
259.9278,267.70233,7.774531542968759
188.1898,163.43533,24.754466748046866
36.6506,53.293312,16.64271207275391
190.9162,156.54994,34.36625798339844
83.725,97.27549,13.550489807128912
128.6994,150.5751,21.875703759765628
182.1608,103.8063,78.3545026977539
110.3912,98.55942,11.831782275390623
174.2422,169.48222,4.759976489257809
111.3228,141.15623,29.833434741210937
190.8872,144.02615,46.86104643554688
79.2276,85.67925,6.451652624511723
61.5536,61.341408,0.21219222412109673
223.8404,166.54984,57.29056479492186
102.2674,121.69482,19.427416589355474
84.954,97.32264,12.368639465332038
247.8118,225.65602,22.155778881835943
37.219,59.8301,22.611101013183593
153.7682,148.97322,4.794979174804695
36.8532,62.052765,25.199564892578124
242.8486,193.43709,49.41151198730469
261.1936,221.97421,39.21938735351563
101.6358,91.85795,9.777851696777347
154.534,153.01456,1.5194431152343668
124.1072,179.84035,55.73314729003906
49.5376,174.74562,125.20802072753906
148.8392,124.98163,23.857571582031255
164.121,152.78412,11.33688134765626
153.5024,144.63347,8.868931372070307
48.0718,75.89017,27.818367236328122
125.8046,170.03938,44.23478293457032
145.8444,122.0969,23.7474990600586
125.4388,127.04057,1.601773120117187
123.0072,182.16164,59.154436352539065
225.372,187.81842,37.553579589843764
102.8332,153.3551,50.521902539062495
60.5852,101.77984,41.19463856201172
145.1444,135.05815,10.086248754882803
189.053,77.30854,111.74445965576172
241.4196,183.07762,58.341978540039065
139.1838,136.6692,2.5145952880859284
196.5084,164.70802,31.800376928710932
132.1968,154.57155,22.374748461914066
232.7616,204.37575,28.385852319335925
112.0202,125.86595,13.845751538085935
99.1042,102.35006,3.245859509277338
167.8474,103.070076,64.77732401123046
46.706,63.428757,16.722756713867184
127.102,125.13214,1.9698588867187539
38.3506,59.970192,21.619591955566406
84.854,104.99188,20.13788232421875
112.8176,121.432495,8.614895117187501
100.8358,123.801636,22.965835742187494
165.121,143.19118,21.929822631835947
123.4072,127.71693,4.309726574707028
108.4254,117.484505,9.059104699707035
63.8168,104.90958,41.092776416015624
212.9902,203.28598,9.704219775390612
178.2028,190.52002,12.317219531250004
224.8404,171.97748,52.86292197265624
120.0098,147.05055,27.040752368164064
46.4086,86.31816,39.90956101074219
117.944,124.05966,6.115661865234372
197.0794,185.08517,11.994225439453118
238.5222,233.42833,5.0938705322265605
192.2478,181.26404,10.983761914062512
185.4266,94.51085,90.91575100097657
86.9198,147.14276,60.222961230468755
177.7712,173.86528,3.9059198486328057
118.244,120.964035,2.7200350341796877
101.3016,98.1124,3.1892037597656184
148.4418,152.52266,4.080859301757812
198.4768,187.7839,10.692894970703122
167.0842,163.68184,3.4023610107421973
40.5138,93.94128,53.427476550292965
56.9614,75.23705,18.27565291748047
155.7946,159.9818,4.187196264648435
188.7872,199.80089,11.013688061523425
120.8756,123.49938,2.623782019042963
144.1102,155.44438,11.334181713867196
165.7842,165.97774,0.19353742675781405
48.1718,70.71021,22.538412707519534
90.6462,134.70578,44.05958002929688
48.7034,56.87162,8.168220178222654
181.9976,179.33694,2.6606554199218806
227.4062,223.85765,3.548549243164075
53.464,113.009544,59.545544372558595
121.744,117.87173,3.872273010253906
79.9276,91.47272,11.545117285156252
90.483,106.45837,15.975366394042965
140.3154,131.8438,8.471604223632824
161.7578,169.6776,7.919797045898434
86.1856,89.50596,3.3203585571289125
241.1538,167.60912,73.54468439941405
83.9882,139.35237,55.364171215820306
60.2904,46.724014,13.566385717773436
141.8838,135.58371,6.300090283203133
207.927,175.07031,32.85668749999999
232.7326,199.05702,33.67557790527343
53.2982,61.721287,8.42308677368164
46.8034,80.15172,33.348318139648434
243.9144,183.21446,60.69993771972656
144.247,154.27643,10.029428222656236
128.8968,133.75908,4.862278979492174
197.5452,109.21564,88.32956279296874
88.5198,95.30494,6.785139270019528
36.6506,63.830368,27.17976804199219
119.8124,152.96588,33.15348134765625
184.595,168.39035,16.204649658203124
46.2744,56.878105,10.603705163574219
246.1486,246.0808,0.06780471191405013
144.5444,149.24602,4.7016174560546915
107.6596,100.61219,7.047409753417966
262.491,244.28072,18.210284057617173
112.9544,106.53783,6.416573461914069
91.083,116.22881,25.14581317138672
158.263,147.58174,10.681258666992193
169.5474,134.07146,35.47594309082032
40.1822,76.544876,36.36267609863281
181.366,158.27148,23.094515625000014
156.0656,170.5394,14.473798193359386
250.175,228.80986,21.365139770507824
159.0604,153.49777,5.562627783203112
217.885,194.14012,23.744878540039053
149.4734,138.85315,10.620250585937498
131.231,131.21376,0.017239624023432043
261.491,149.57674,111.91426354980467
131.2626,135.21858,3.9559821533203205
98.8384,103.88279,5.044389611816413
57.7588,125.56951,67.81071141357421
185.4266,185.95035,0.5237479003906174
93.1804,123.05519,29.874791040039057
142.2838,162.67873,20.39492619628905
128.3336,120.89834,7.435261682128896
35.7216,56.016994,20.295394476318357
84.7224,88.997345,4.274944970703132
182.4266,174.65628,7.770319482421883
199.1742,180.62871,18.545492114257826
184.4266,189.70747,5.280873754882805
191.3504,188.69917,2.651227026367195
112.7176,125.61534,12.897741186523433
165.9816,162.18532,3.7962820068359235
86.6224,85.76539,0.8570115112304677
107.6622,133.4668,25.804596875
78.296,113.13994,34.84393835449218
43.8086,59.376305,15.567704626464845
123.773,115.25188,8.521123168945309
95.441,99.306526,3.8655261840820287
153.1366,165.66428,12.527676123046888
168.279,151.59589,16.683113769531246
133.0626,145.28178,12.219184057617184
56.1588,79.12349,22.964689379882813
233.6932,215.18161,18.511589892578115
168.3474,124.29678,44.05061655273437
172.4396,171.78258,0.6570224853515754
114.1202,130.89601,16.775811352539066
54.3956,87.9337,33.538100561523436
108.9912,111.67305,2.681849926757806
52.3008,80.7658,28.465000476074216
47.4034,125.7826,78.37920040283203
48.9034,101.35769,52.454288903808596
245.0144,128.01584,116.99856137695312
181.395,133.56923,47.82577087402345
241.7512,197.28506,44.466135302734386
142.4838,150.52231,8.038508349609373
173.3764,150.08783,23.28857041015624
120.0756,121.80706,1.7314602416992244
109.5228,216.63129,107.10848662109375
174.208,183.87784,9.669838134765627
172.108,165.10297,7.005033691406254
160.692,144.21996,16.47204455566407
150.005,154.80019,4.795186157226567
50.3034,91.177765,40.87436489257812
140.5154,138.40309,2.112308569335937
42.9112,77.546425,34.635224865722655
150.9024,101.45132,49.451083166503906
181.9634,176.59895,5.364446752929695
55.8298,124.19458,68.364780078125
191.6504,170.89973,20.750665502929678
110.2886,127.89625,17.60764786376953
51.935,80.910355,28.97535461425781
116.9808,134.19363,17.212834033203123
62.7194,71.707214,8.98781435546875
56.793,76.2072,19.41419909667969
109.9544,153.3095,43.35509401855468
172.3422,171.54958,0.7926241943359287
111.686,200.58453,88.89853369140624
170.5106,169.34476,1.1658429199218858
89.1856,132.35323,43.16762570800782
35.2874,44.696606,9.409205682373049
63.6194,78.80524,15.185836816406251
151.505,155.89987,4.3948718261718795
98.9042,108.75599,9.851789074707028
255.333,244.14145,11.191551025390623
103.3964,119.883026,16.486626123046875
154.2018,158.66673,4.464932788085946
46.106,80.833015,34.72701544189453
41.648,116.01847,74.37047076416016
168.7816,157.73495,11.046645166015622
37.5164,61.68081,24.164409020996096
118.9124,112.62173,6.2906730102539115
41.8454,113.21858,71.37318215332031
172.1106,191.71246,19.601863378906245
123.473,142.76797,19.294974853515626
37.0506,101.697464,64.64686398925781
233.6642,234.57568,0.9114835937500061
253.4724,176.91908,76.55331735839843
208.527,176.71085,31.816154052734362
36.819,35.241436,1.5775639953613307
219.8114,201.42838,18.383024755859367
185.5924,143.9905,41.601906225585935
226.0404,212.25027,13.79012534179688
178.7028,144.5145,34.18830415039062
116.2492,137.63396,21.384756909179686
34.9558,54.2422,19.286398944091793
46.2744,75.19343,28.91902803955078
192.4478,169.76022,22.687576611328126
212.8586,205.18275,7.675845483398433
185.5608,179.51755,6.043252392578125
81.6276,111.60175,29.97415323486328
86.0224,104.06035,18.037948510742183
211.2928,191.44746,19.845336010742187
106.7938,106.27468,0.5191189086914108
159.792,176.28345,16.491447265625
75.1012,100.43863,25.33742915039062
262.3594,230.65059,31.70881101074218
108.2596,116.762505,8.502904577636713
231.9642,220.42705,11.537152270507818
56.4614,76.23991,19.77850631103516
144.476,153.1983,8.722303222656251
186.9556,150.44814,36.50746462402344
95.5094,98.95726,3.447860131835938
76.7354,93.128136,16.392735681152345
164.7526,156.32684,8.425756738281251
189.3556,151.3432,38.01239931640626
220.6772,218.71591,1.9612881347656241
160.7894,168.37662,7.5872174316406245
169.3474,141.26346,28.08394174804687
105.728,113.74105,8.01305072021485
129.7994,138.20155,8.402153344726571
154.2998,108.98875,45.3110533569336
33.39,46.375057,12.985057220458984
89.7172,82.04534,7.671858508300787
45.6086,54.068516,8.459915777587888
151.1366,150.26413,0.8724703613281122
180.0976,184.8127,4.715098364257813
240.288,241.33328,1.045282470703114
262.2568,257.66525,4.591547314453123
121.673,128.67268,6.999683715820311
104.1332,127.859406,23.726205517578123
99.5042,134.75018,35.24598310546875
117.0492,136.09737,19.048166333007813
119.3756,130.92873,11.553126196289057
122.573,96.24665,26.326349304199212
182.5976,150.58778,32.00981618652344
256.3014,198.38205,57.919350439453126
41.948,88.92308,46.97508044433594
157.963,145.3834,12.579592407226556
89.3856,84.84658,4.539019494628903
211.8218,197.8983,13.923499829101559
173.5422,159.42596,14.116235644531258
131.4284,133.60751,2.1791134277343644
31.9558,90.69711,58.74131303710938
170.7448,170.14056,0.6042360351562479
36.3506,42.698727,6.348126654052734
191.9504,163.04938,28.901022558593752
179.1976,193.6799,14.48230112304688
185.6924,161.5756,24.116792700195305
107.4622,90.020775,17.441425158691402
147.1444,142.30739,4.837011694335928
154.663,140.37424,14.288762939453136
186.7898,197.7356,10.945795703124986
119.5124,149.88258,30.370183618164063
45.9428,86.0487,40.10589842529297
238.8248,227.39255,11.432252392578135
109.8228,131.69383,21.871032397460937
147.476,143.48285,3.993150878906249
106.1938,134.36057,28.16676518554688
172.0422,183.89734,11.855138867187492
99.8016,100.2871,0.4855017456054753
227.1062,210.55962,16.546583911132814
158.5578,171.24089,12.683090502929701
114.1202,120.07249,5.952286877441409
40.948,72.051956,31.103956176757812
101.399,129.83565,28.43664758300781
108.5938,129.92682,21.33301884765625
86.4198,148.36919,61.94938640136719
147.805,150.10875,2.3037493896484307
218.3166,203.36295,14.953654443359369
197.8768,194.0186,3.8581995361328154
90.7488,123.94682,33.198023120117185
36.019,186.48671,150.46770959472656
43.7086,110.135864,66.42726425781251
108.757,131.91191,23.154911010742182
106.428,130.5322,24.104196044921878
147.4102,139.88693,7.523267626953128
89.6856,95.830894,6.14529447021485
263.6594,210.40366,53.25574399414063
183.5924,209.32257,25.730170800781252
170.2106,138.45975,31.750852685546874
155.963,162.64758,6.684583007812506
157.563,127.63834,29.924656188964832
147.3102,177.65485,30.34464619140624
149.5366,122.59168,26.94491756591796
182.5266,171.2292,11.29739772949219
162.5526,172.16382,9.611218359374988
182.295,164.63599,17.659013671874987
94.4094,101.033295,6.62389467773437
38.0506,89.59717,51.54656796875
119.0782,141.12651,22.048310620117192
74.8696,95.63384,20.764242468261713
108.6912,143.7496,35.05840327148438
198.7426,160.3599,38.382706201171885
123.9704,132.4659,8.495496606445315
37.4506,63.830368,26.379768041992186
197.1084,159.20604,37.90236057128905
122.4414,147.46686,25.02545791015625
81.7618,118.08347,36.32167320556641
221.8456,169.26009,52.58551394042968
159.2604,164.33882,5.078421411132808
109.957,131.56802,21.61102368164063
127.9652,105.021286,22.94391398925781
127.3678,126.355736,1.0120642211914088
127.4678,154.61911,27.151310107421878
239.8222,227.82045,12.001750170898447
173.8054,137.18483,36.62057028808593
55.5588,96.035995,40.47719548339844
238.8538,219.99962,18.85418146972657
113.3544,137.83476,24.48036257324219
44.677,20.287971,24.38902850341797
118.9124,169.61856,50.70616079101562
188.5188,150.53624,37.98256037597656
113.8834,123.248764,9.365364038085943
180.5634,182.29472,1.731323510742186
145.6102,145.05089,0.5593119384765544
177.5712,162.7094,14.861803637695317
220.8456,230.71439,9.868785986328135
88.9172,130.46559,41.54839143066407
181.766,146.89128,34.874718872070304
41.048,50.748344,9.700344421386717
245.2802,173.63579,71.64441203613282
151.9682,156.84862,4.8804175537109415
56.8904,82.22908,25.338680200195313
245.8776,169.29329,76.58431081542969
107.4622,142.66275,35.20055024414063
55.3588,85.69732,30.338519030761717
81.8592,94.47997,12.620772839355467
214.0218,185.43707,28.584727246093763
55.0956,123.224945,68.12934506835938
207.898,144.62392,63.274083374023434
195.7768,142.68921,53.08759101562501
163.221,142.46439,20.75661401367188
142.0838,133.21152,8.872282666015622
145.8418,158.55368,12.711880419921869
191.5162,218.16954,26.65334040527344
227.8352,193.9759,33.859293627929674
45.7428,151.51453,105.7717263671875
89.5856,43.863464,45.72213564453125
250.1092,196.4916,53.617607592773425
41.0796,87.42041,46.34081015625
125.5704,168.66101,43.09061074218749
34.2216,83.973,49.751399572753904
44.906,128.24518,83.33917822265624
183.6634,168.13261,15.530785864257808
262.891,175.98271,86.90828820800783
167.5158,169.37473,1.858925341796862
105.628,124.503716,18.87571551513672
92.3462,84.91632,7.429879199218746
190.4188,177.05295,13.36585200195313
181.2976,185.45146,4.153861791992199
172.5764,156.81639,15.76000900878907
122.3756,116.07264,6.3029605346679745
155.5998,155.55333,0.046470532226550176
148.7418,163.05623,14.3144286376953
88.2514,92.22242,3.9710197387695274
170.8448,158.808,12.03680134277343
208.927,195.28287,13.644132568359367
162.4894,142.961,19.52840146484374
110.8886,105.17592,5.712681420898434
246.3776,228.23985,18.137747094726564
146.2076,167.34969,21.1420856689453
147.2418,145.19475,2.0470520751953245
254.2356,240.66133,13.574268823242193
165.85,149.28519,16.56481323242187
37.8822,55.178963,17.296762707519534
123.373,111.75453,11.618468139648442
57.5246,93.58216,36.05756094970703
190.853,174.37625,16.476748779296884
57.3562,91.51221,34.15600703125
153.6024,162.21518,8.612779443359386
79.4618,81.20979,1.7479930908203158
221.3114,245.72905,24.417649682617196
188.853,89.539734,99.31326611328126
234.93,175.45747,59.472526245117194
228.2036,228.22505,0.021451879882818048
167.2158,163.80971,3.406092358398439
150.4734,150.93289,0.45949184570312696
37.9532,118.119255,80.16605506591796
175.2054,172.29178,2.9136214355468724
170.579,167.15866,3.4203391113281327
142.847,162.57204,19.725036743164054
122.4756,144.99104,22.515443090820312
56.9588,84.63233,27.673531848144535
233.0642,221.0053,12.058905200195312
188.024,152.50948,35.51452429199219
194.711,159.13435,35.5766463623047
77.5986,98.795425,21.196825415039058
186.0266,174.13704,11.88956081542969
181.9608,180.4421,1.5187071044921936
103.2648,110.81909,7.554291796875006
96.4068,125.67433,29.26753166503906
128.8652,129.03667,0.1714668701172002
233.03,219.17749,13.852509765625001
197.5452,178.84796,18.697238574218744
101.4674,104.76961,3.3022075439453147
152.1366,162.5369,10.400295751953138
114.3492,123.220184,8.870984326171879
175.2396,181.2973,6.057702246093754
225.172,210.90106,14.270937988281247
98.1042,92.631325,5.4728752319336
253.1724,237.85031,15.322088720703135
195.9452,204.23596,8.2907619140625
105.028,127.651306,22.623306152343744
254.0382,199.84145,54.19675407714843
52.064,186.75192,134.68792260742188
227.5352,136.73274,90.80245769042969
91.583,94.890564,3.3075639648437516
82.2276,150.53136,68.30375681152344
103.0016,147.36052,44.35891940917969
232.6984,178.79504,53.90335605468749
146.9444,135.07986,11.864535498046877
247.8118,226.29613,21.515672680664068
197.9084,165.94289,31.965513647460938
143.447,154.2279,10.780905273437497
181.895,164.4021,17.49290039062501
114.586,123.45644,8.870443786621095
128.7652,127.877495,0.8877051879882742
189.9872,151.49295,38.494249560546876
262.1278,209.50603,52.62177277832029
126.5046,127.91577,1.4111714843750036
88.6856,125.50005,36.814453405761725
191.1504,192.93074,1.780340356445322
130.531,130.79213,0.2611295166015566
109.8596,113.26743,3.407833166503906
127.1704,148.02127,20.850870751953124
196.311,177.7695,18.541499267578132
152.5682,136.83896,15.729241259765615
141.147,180.97676,39.82976086425782
102.2016,106.931854,4.730254248046876
120.7098,180.01596,59.306160693359374
107.0964,123.35465,16.258252404785154
65.6168,84.35834,18.741537402343752
53.4956,157.88396,104.38835690917969
102.1332,110.73901,8.605813671874998
172.0422,145.42139,26.62081328125001
140.9154,142.17082,1.2554221435546822
264.5884,272.03256,7.444162255859396
257.0646,229.96638,27.098215112304672
110.7228,113.18828,2.465478198242181
223.7062,202.13795,21.568245288085933
93.412,97.22945,3.8174464111328064
31.9558,58.231213,26.275412615966797
45.406,125.91616,80.51016058349609
172.4106,158.52042,13.890183740234363
141.1154,141.83006,0.7146628662109435
146.4734,149.37827,2.904865380859377
106.7254,72.392654,34.33274558105468
167.0816,184.69638,17.614780615234366
131.9942,160.94098,28.946779003906244
155.563,106.7311,48.831898010253894
105.728,114.255615,8.527615234375006
186.5214,172.8686,13.652793432617187
89.6856,116.89193,27.20632962646485
255.933,217.01128,38.921723754882805
41.2112,95.6063,54.39510035400391
200.5742,186.39175,14.182445849609365
79.3986,112.99297,33.59437332763672
39.5138,67.087906,27.57410588378906
146.5076,101.63379,44.8738109375
186.3556,189.20721,2.8516143554687403
78.7986,95.84148,17.042876440429694
255.4698,256.98947,1.5196714355468828
187.124,149.73361,37.39038793945312
106.3938,116.14705,9.753248950195314
189.9846,144.55933,45.425273828125
211.8244,153.84628,57.97811704101562
180.4292,182.39809,1.9688865478515538
112.286,119.00428,6.71828009033203
206.6296,191.74448,14.885123681640636
240.4512,202.16768,38.28352116699219
115.1834,123.167175,7.983775292968744
54.893,117.88864,62.995641357421874
231.7326,210.74828,20.984324243164053
64.7168,75.10562,10.388821337890619
112.986,133.45422,20.468223632812496
40.2822,57.293034,17.010833599853513
74.667,97.65019,22.983192260742186
116.6492,107.39435,9.254851855468743
243.4854,242.02283,1.4625728515624985
120.6782,98.06983,22.608368151855473
178.2344,178.63503,0.4006250244140688
140.4838,163.32407,22.840266162109373
57.7272,84.42132,26.694118054199215
173.3422,177.56711,4.224908154296884
65.4168,69.07626,3.65946342773438
169.879,130.85786,39.02113562011718
182.095,169.12668,12.968321533203124
114.486,102.08721,12.398788391113285
191.653,165.17659,26.47641003417968
144.976,158.71169,13.735685180664063
172.5422,144.96408,27.578119189453133
128.8994,158.73946,29.8400561767578
95.141,82.34068,12.800317016601568
88.4856,128.9341,40.44849729003906
119.844,136.23718,16.393182617187506
40.2138,95.34188,55.128080798339845
56.0246,99.26804,43.24344351806641
60.2194,133.27487,73.05547182617187
93.1804,87.44391,5.736491308593756
169.2474,141.21742,28.029977514648436
153.8682,150.88612,2.982076342773439
220.1482,192.75565,27.392554248046878
177.0686,172.08,4.988598168945316
255.1356,218.75885,36.37674990234376
180.5976,153.8494,26.748204248046875
221.4114,166.46432,54.94707504882811
151.8024,123.27333,28.529069311523443
120.3124,136.29807,15.985665185546878
206.9638,184.63872,22.325082348632804
43.0086,78.10534,35.09673905029297
217.585,217.35649,0.22850891113282046
40.8138,101.20713,60.393330432128906
155.863,150.89944,4.9635554199218745
186.924,179.9389,6.985096191406257
237.4564,225.8837,11.572702490234377
175.7738,188.12854,12.354740039062506
109.1912,101.16154,8.029662829589839
256.8672,248.35207,8.515133959960963
41.4454,100.83254,59.387142419433594
110.2544,119.85519,9.60078646240234
249.575,180.24863,69.32637329101561
141.9496,142.0445,0.09489462890624623
182.3608,182.24113,0.11966535644532428
124.4388,129.04546,4.606655932617187
178.337,163.38924,14.947763549804677
233.8642,173.71643,60.14776933593751
116.3176,125.93896,9.62135721435547
131.2968,131.43987,0.1430651123046971
39.548,140.79266,101.24466357421875
109.8544,144.74484,34.89044252929688
130.7942,162.27661,31.48241132812501
224.3404,168.03568,56.30472495117186
115.3492,159.22037,43.87116743164063
112.1228,130.60527,18.48247038574219
126.7336,124.933334,1.800265649414058
190.9162,170.94487,19.971330004882816
112.0518,168.4487,56.396899951171875
247.2776,179.56647,67.71113271484376
195.111,175.57082,19.540183959960927
86.3882,137.90959,51.52139167480469
35.2558,59.023182,23.767381915283202
170.5764,134.19162,36.38478012695313
46.1402,70.41129,24.271093029785156
126.7704,108.23965,18.5307530883789
180.666,180.698,0.03199804687500318
193.9452,178.84796,15.09723857421875
47.306,81.882675,34.57667517089844
261.591,208.05971,53.531292358398446
58.3588,137.53784,79.179041796875
46.2086,144.73694,98.52833847656251
101.799,108.52073,6.7217290649414
182.295,169.63312,12.661882324218737
76.5354,81.65305,5.117653283691411
251.1408,213.24315,37.897651196289075
37.6164,104.2611,66.64470076904297
51.6008,101.05545,49.454650439453125
219.3482,191.0982,28.24999443359374
190.453,82.66574,107.78725903320313
196.6768,192.6851,3.9916956298827984
40.3164,119.70357,79.38716750488281
261.091,251.05698,10.034023681640633
52.4324,92.10329,39.67088674316406
189.3846,163.61517,25.769426660156256
164.2526,162.60771,1.6448882080078135
232.53,183.94878,48.581223754882814
88.7514,109.9188,21.167400354003902
144.747,187.8625,43.1155030517578
241.0512,107.08759,133.9636069213867
156.4972,142.83672,13.660484301757805
162.5526,173.93399,11.381390478515613
170.4422,153.35585,17.08634978027345
44.477,46.308277,1.8312771301269564
37.219,95.54528,58.32628045654297
211.7244,189.75327,21.971134619140628
244.346,170.57718,73.76882104492188
178.0344,165.83687,12.197531713867193
93.8462,114.34464,20.49844263916016
81.825,131.34189,49.51688842773437
54.0614,45.305664,8.755735937499999
146.9076,167.1516,20.243996069335935
145.1418,162.71127,17.569473193359386
160.9578,169.6776,8.719797045898446
253.7382,198.41725,55.320948413085944
147.3734,135.6586,11.714800146484379
143.947,179.69328,35.746283081054685
263.791,226.12607,37.66493188476562
184.2292,164.13702,20.09217607421874
131.3942,146.58932,15.195124951171863
47.7402,113.80149,66.0612907836914
172.6422,133.00285,39.639346606445315
260.7252,256.10333,4.6218674804687225
231.601,151.07564,80.52536218261719
164.4184,160.77473,3.6436655029296787
50.8324,116.96904,66.13663991699218
148.7076,139.79234,8.915256860351576
131.9284,148.53064,16.60223964843749
101.2674,98.235275,3.0321247314453075
179.9976,138.281,41.716594140625006
151.0708,133.22649,17.844313793945304
239.6906,207.07832,32.61227663574218
266.0226,173.8341,92.18849355468751
89.383,99.597626,10.21462573242188
97.8752,112.93135,15.056150708007806
99.7358,122.32344,22.587640551757815
192.0478,189.56613,2.48166840820312
107.6622,111.11594,3.4537362792968764
258.8988,228.13562,30.763179882812494
217.3192,201.5302,15.789002856445308
75.8696,93.81452,17.944921789550776
153.2018,149.66241,3.5393854492187415
146.6444,140.97684,5.667562841796865
107.1596,127.499504,20.33990408935547
196.7768,150.63802,46.138784252929696
76.4986,87.547485,11.048885351562504
154.463,151.83992,2.6230799560546814
113.4176,101.40915,12.008450830078118
48.8376,154.98065,106.14305185546874
249.5092,184.68803,64.8211659423828
102.699,147.37244,44.6734365234375
141.8838,135.80109,6.082713574218758
141.8128,129.13301,12.679789135742197
60.1536,102.143074,41.989474035644534
47.2402,63.85332,16.61312107543945
153.4682,169.37518,15.906983105468754
44.8428,56.575344,11.732544085693362
35.1216,72.95156,37.82996097412109
172.8396,170.39558,2.4440158935546776
74.0038,104.25302,30.249221240234377
188.324,188.1186,0.20539343261719978
105.5622,119.67251,14.11030823974609
72.2038,71.12102,1.0827825439453136
241.2512,193.97633,47.27486638183595
156.1972,103.06234,53.134860217285166
81.1302,87.16019,6.029986767578123
247.4802,233.85564,13.624563403320309
117.5782,129.27383,11.69563422851563
161.8868,155.68661,6.200185009765619
192.382,190.14291,2.23908618164063
184.2292,151.98033,32.248868579101554
97.7384,125.06342,27.325023156738283
212.6218,186.40533,26.216465527343757
163.6526,157.62976,6.022839257812507
141.9838,138.51314,3.4706621826171897
195.2768,171.18358,24.09322150878907
248.1092,206.51933,41.5898671142578
39.5164,96.387115,56.87071547851563
109.2254,103.62581,5.599591284179681
100.6674,101.40624,0.7388423706054681
156.5288,169.29012,12.761315356445323
151.434,151.74934,0.315343872070315
89.0198,100.80701,11.787206835937496
182.6292,136.31683,46.31236650390625
243.2144,181.99306,61.22134274902345
121.9072,134.87138,12.964183666992184
140.7812,141.36801,0.5868114746093624
62.5536,134.04178,71.48817856445312
195.6768,168.92413,26.752666699218736
78.5618,85.80512,7.243322375488276
225.2088,129.89548,95.31332270507812
33.6216,155.34299,121.72138706054687
190.6846,144.26839,46.41621315917968
230.901,106.22135,124.67964837646485
206.8638,165.54103,41.322769116210935
65.9826,102.50539,36.52278635253906
55.2614,132.91986,77.65846083984374
214.4192,208.41257,6.006632861328114
129.9284,113.24604,16.68235965576173
106.3596,114.52852,8.168918676757812
143.9128,119.00654,24.906261608886723
172.2448,130.63588,41.608920483398435
33.4558,107.7014,74.24560075683593
130.9968,159.40997,28.413173144531243
49.6692,94.0455,44.37630170898438
183.0292,173.95273,9.076471728515628
161.5578,154.81996,6.737838452148424
169.7764,158.62094,11.15545883789062
78.1644,89.14641,10.982008081054687
103.6648,118.16284,14.498041796875
94.541,83.48593,11.055068603515622
251.9724,224.32649,27.64590769042968
142.247,145.62556,3.3785645751952984
158.8604,162.42142,3.5610172363281265
143.847,144.70679,0.8597871093749916
65.6826,90.93328,25.250680944824225
159.4262,170.90584,11.479638012695318
78.896,164.535,85.63900366210937
261.2936,219.0863,42.207296289062526
174.0422,156.15135,17.89084807128907
130.431,141.79028,11.359283203124988
39.1822,112.713234,73.53103394775391
260.5278,205.80258,54.72521821289064
45.9376,153.45932,107.52172006835937
93.6462,137.86186,44.215662182617194
105.6622,113.36861,7.706406567382814
262.1568,182.25165,79.90515205078123
106.928,120.9606,14.032601806640628
253.1698,235.82642,17.34338398437501
76.2012,123.25723,47.056032666015625
191.2162,157.38173,33.834470874023424
264.3568,248.35164,16.00516120605471
146.2786,174.01903,27.740427709960926
261.391,223.40309,37.98790856933596
94.1094,146.68848,52.579076562500006
172.908,182.36885,9.460850708007825
194.3452,181.06775,13.277450976562506
76.1328,74.02058,2.112223522949222
165.1158,149.05478,16.061020947265632
162.2868,136.93169,25.355113598632812
50.4034,60.22754,9.824139062500002
35.5558,116.756836,81.2010359375
261.4252,204.35435,57.07084514160158
100.1016,115.16872,15.067116430664058
50.9666,87.065506,36.09890598144531
103.999,134.93259,30.93358666992188
143.7154,150.4032,6.687798242187512
141.218,135.24997,5.968030517578114
93.3778,110.33958,16.961776721191413
177.937,129.44574,48.49126025390626
87.0514,94.45645,7.405051416015624
164.121,103.214676,60.9063240966797
191.6188,187.36035,4.258448437499993
36.719,94.90897,58.189973693847655
183.7608,166.71344,17.04736005859374
153.4998,138.79152,14.70828083496093
37.519,86.48038,48.96137719726563
90.5514,136.48502,45.933615869140624
110.157,110.60263,0.4456306152343785
43.8428,96.94961,53.1068078491211
98.4042,108.59732,10.193120556640622
118.415,137.65259,19.237587890624994
165.0868,157.09103,7.995766064453136
43.3086,56.514645,13.206044622802736
47.1718,130.86365,83.69184746093751
92.3488,106.944565,14.59576481933594
112.1886,94.275856,17.912743981933588
162.2236,168.18536,5.961763769531245
151.3366,155.26419,3.9275906738281208
234.659,193.86035,40.79864843749999
63.0536,55.73843,7.315169976806644
46.3744,75.07742,28.703023095703124
165.7526,170.95802,5.2054230712890615
238.6564,134.90912,103.74728134765624
110.2886,106.606155,3.68244460449219
60.622,87.1862,26.564203002929688
168.1158,156.61711,11.49868879394532
193.6504,181.38213,12.268274145507803
146.2418,117.13282,29.10897987060548
125.9046,164.78542,38.88081564941406
154.3998,157.68604,3.286235156250001
85.3566,94.32904,8.97244052734375
47.0402,25.052492,21.987707858276366
160.792,174.98495,14.192954833984373
175.4028,169.41882,5.983976757812513
154.3972,138.37059,16.02660979003906
259.7278,226.903,32.824800122070315
258.0962,226.89114,31.205056201171885
86.0882,89.26073,3.172526928710937
127.4336,137.11368,9.680077978515627
112.1518,94.43549,17.716306530761713
211.8218,179.42879,32.393012768554684
172.1422,131.53714,40.60506010742188
155.9314,115.817764,40.113635717773434
61.3194,70.82842,9.509022546386717
190.9872,190.8419,0.1452963134765639
198.311,186.33502,11.975978027343757
54.9298,85.949646,31.01984599609375
171.479,172.64478,1.1657753906249866
223.8404,204.24976,19.59064414062499
81.1618,88.2011,7.039303210449219
145.6418,125.12283,20.518966748046864
160.9578,159.40746,1.5503445556640543
144.1102,153.09738,8.987181591796883
94.3462,97.14002,2.793822277832035
124.5388,141.77904,17.240237475585943
228.4694,144.26045,84.2089477294922
95.6752,107.542015,11.86681507568359
144.847,76.36631,68.4806898803711
82.6276,124.926765,42.29916544189453
78.067,134.0542,55.98719921875001
193.0136,178.44385,14.569752343749997
193.1478,157.66537,35.482425244140614
141.947,141.3775,0.5694975585937527
185.2924,170.12437,15.168025610351549
177.7344,180.29799,2.5635888916015688
213.4218,209.44545,3.976350170898428
161.8894,145.74532,16.144084448242182
115.9834,129.33743,13.354032861328122
85.1908,114.30962,29.118823718261723
129.9284,120.0156,9.912797888183604
169.2132,170.73077,1.5175739257812495
143.4154,143.69415,0.2787528320312447
189.7504,172.01056,17.739840917968763
115.2808,113.285805,1.994995251464843
163.6868,148.8166,14.870195385742193
254.7698,231.90646,22.86333637695313
119.3124,189.65544,70.34304128417969
115.2176,125.91902,10.701421606445308
179.766,175.60068,4.165322509765616
34.7558,44.040825,9.285024890136718
110.857,171.14293,60.28592907714844
144.3444,130.9083,13.436105322265632
105.6964,105.90519,0.20878951416015923
189.253,167.08337,22.169625976562486
61.251,63.45795,2.206950592041018
80.8276,114.4226,33.594999792480465
37.2506,48.10758,10.856978277587892
243.1512,212.77216,30.37904423828124
139.518,134.06131,5.456690185546876
159.4578,159.81688,0.35907927246094573
80.5618,91.717224,11.155424121093745
104.3332,110.460976,6.127775646972651
147.476,150.56541,3.0894144287109384
118.7124,116.62422,2.08817819824219
227.0694,191.61623,35.45317380371094
210.9902,175.37413,35.61606975097655
131.3284,153.85628,22.527877465820325
119.1808,135.96431,16.783509692382808
160.9578,150.88516,10.072637646484367
118.5124,123.4046,4.8922020507812505
195.2478,184.38934,10.858456738281262
95.0752,96.42525,1.3500471923828172
94.1436,107.945564,13.801964270019525
126.2704,143.34122,17.07081704101563
39.4164,42.15248,2.7360810791015595
149.9708,151.94388,1.973078173828128
65.3168,47.18163,18.135170819091798
264.5226,205.49641,59.0261858154297
184.7924,112.97088,71.82152139892577
253.1724,168.03114,85.14125681152345
222.1772,214.09236,8.084838549804687
183.6634,179.73787,3.9255307373046833
129.0652,132.7182,3.6530006835937456
190.8846,176.04395,14.840654687500006
81.7618,109.175964,27.414164355468756
170.4764,158.86212,11.614278417968762
228.5668,206.85669,21.710110546875
46.3718,55.554985,9.183185046386718
96.0094,132.73875,36.72935427246094
89.3172,125.30852,35.99131745605469
50.9692,93.53676,42.56755842285156
103.1964,143.00249,39.80608718261719
169.979,208.63141,38.65240869140624
198.9084,161.02559,37.88281101074219
111.586,135.96678,24.38078161621094
83.025,94.15128,11.12628326416015
120.444,122.90219,2.4581911621093724
146.6102,137.58537,9.024827075195304
123.7388,124.91609,1.1772919189453148
128.7994,131.84457,3.0451739746093835
100.0384,141.64392,41.605520898437504
246.3802,208.66731,37.71288737792969
122.1388,112.91423,9.224569653320316
66.0142,91.10115,25.08695051269531
55.2614,48.686024,6.575376287841799
79.596,156.889,77.29300756835937
198.9768,165.65778,33.31902412109375
173.5764,171.83882,1.7375785888671942
154.2656,150.72546,3.5401361328125063
161.592,150.70007,10.891926757812513
52.3298,81.20255,28.872752795410157
220.8772,215.79654,5.080660693359363
105.828,104.676346,1.1516541748046905
86.2198,119.28984,33.07004069824218
152.334,154.65808,2.324081054687497
218.3166,203.02118,15.295420800781244
132.7626,118.11072,14.651882226562492
57.2272,72.59401,15.366809399414059
54.764,126.19765,71.43364709472655
101.7674,141.70338,39.93598439941407
145.3786,150.78667,5.408066870117182
153.7998,153.39642,0.40337666015625473
264.491,139.85133,124.63966638183592
46.8718,89.4178,42.54600090332031
171.7738,169.32219,2.4516106689453068
187.8214,160.59668,27.22472031250001
83.425,109.21496,25.78995819091797
239.4222,228.57483,10.847370898437504
88.9856,141.74391,52.75831174316406
191.1504,185.52675,5.623651342773428
253.704,233.94495,19.759053710937508
32.4558,102.19575,69.73994737548827
101.2042,126.5427,25.338501721191406
255.333,219.37943,35.95357495117187
153.6682,127.91212,25.75608299560548
165.05,160.8735,4.176495361328136
178.437,177.83266,0.6043431396484493
170.5422,171.97214,1.4299374511718668
262.291,173.28973,89.00126611328125
246.9802,222.79156,24.188635058593746
88.1514,92.933784,4.782384484863286
44.477,66.3818,21.904797790527347
210.4902,171.12924,39.36095805664061
83.4934,104.0658,20.572403527832037
248.175,202.07062,46.10438232421876
102.7332,137.09137,34.35816962890625
123.0414,130.88574,7.844342187500004
170.0474,182.59529,12.547891137695302
187.5872,166.02483,21.56237395019531
253.2698,210.42496,42.84484272460938
77.667,93.73932,16.07231884765625
32.0558,65.61768,33.56188341064453
76.8354,104.1057,27.27029763183593
37.4822,124.5343,87.0521017578125
53.0666,153.3403,100.27370151367188
97.9042,113.17443,15.270230847167966
112.7176,105.6248,7.092798364257817
159.2946,135.12798,24.166624536132815
260.2936,192.63766,67.65593520507815
260.4594,181.3944,79.06500607910158
161.8236,178.55424,16.73064499511719
149.8076,138.62506,11.182538964843758
49.9376,60.485046,10.547446386718747
77.996,115.1889,37.192903808593755
192.1478,195.17618,3.0283779785156355
230.2326,214.48167,15.750925805664053
94.0462,93.93473,0.11146947021484266
122.5756,119.72783,2.847771020507807
78.2302,103.18658,24.956376843261722
86.5566,80.71596,5.840642358398441
265.5568,250.84029,14.716513745117197
262.9568,253.47168,9.485120312499987
82.3618,117.65873,35.296929553222654
149.7708,120.408394,29.362406140136727
106.6938,126.60527,19.91147038574219
234.4958,238.60217,4.106372851562497
99.3358,119.63518,20.29937761230468
228.7352,193.61731,35.11789042968749
83.1566,73.08611,10.070487023925779
181.766,120.86502,60.900979248046866
183.9924,165.34848,18.64391977539063
216.8824,220.69653,3.81413320312501
62.4194,89.764786,27.34538576660156
190.5872,146.25739,44.329814746093746
225.4746,202.48631,22.988287133789072
124.6362,136.79977,12.163574169921873
162.1578,154.1598,7.997994702148446
55.1614,84.35701,29.195609887695312
128.831,131.76335,2.9323514404296986
114.7176,98.290634,16.426965844726567
261.5936,184.9823,76.61130019531248
224.1404,154.05328,70.08711630859375
152.3708,162.88985,10.51904680175781
75.4696,86.72355,11.253948889160156
119.8124,123.714935,3.9025353027343783
38.419,104.04286,65.62386193847657
149.5366,163.53185,13.995245092773445
73.9354,130.03143,56.09603310546875
150.3024,107.168045,43.13435495605469
191.453,161.52048,29.932522705078128
161.3578,149.22621,12.131588452148435
49.0692,57.566925,8.497725048828123
116.8124,178.6636,61.85120473632813
150.1708,138.36275,11.808052807617202
185.0582,187.41617,2.3579682128906256
127.2678,135.60886,8.341056201171881
89.4172,99.721794,10.304594128417975
120.1124,135.74945,15.637050683593756
112.7886,122.60851,9.819912878417966
252.2724,236.51968,15.75271616210938
57.6588,85.2681,27.609296923828126
171.379,186.14417,14.76516503906251
189.1846,170.60146,18.583144311523426
236.8564,190.47017,46.386230932617195
106.7622,118.78434,12.02213990478515
164.1526,142.52063,21.631970117187507
180.3318,174.39825,5.933545605468737
119.744,124.18226,4.4382586059570315
262.191,139.7575,122.43349267578122
166.0816,162.10103,3.9805715576171963
224.9088,208.92499,15.983812207031264
51.4666,153.44882,101.98222202148438
60.1536,61.6941,1.540499426269534
37.2874,84.41318,47.12577749023438
82.7276,56.889027,25.838573358154292
179.866,173.32776,6.538241210937514
246.9118,166.27222,80.639583203125
181.666,175.94908,5.716918579101559
250.4724,112.25924,138.21316080322265
112.886,134.497,21.610994018554692
211.0612,195.30806,15.753140307617201
55.4588,80.13738,24.678582507324222
96.7384,104.995865,8.257464868164064
60.5904,120.044,59.453598718261716
155.034,84.390625,70.64337499999999
112.1518,125.35181,13.200006640625006
39.3138,73.1392,33.825398303222656
194.2478,180.78429,13.463513500976575
33.3558,107.20118,73.84537950439453
36.6532,92.165474,55.51227393798828
145.1444,169.57439,24.429986596679697
62.7194,100.90159,38.182188439941406
111.3228,150.12773,38.80493132324219
98.9042,138.64757,39.743367749023434
91.2146,113.348,22.133399572753902
99.5042,107.72393,8.219730358886721
45.4744,84.287994,38.81359438476562
174.9396,154.00656,20.933038720703138
143.0154,140.64182,2.3735848144531246
196.5452,174.85674,21.688464770507807
174.0054,164.05247,9.952925024414071
159.9604,153.44806,6.512340917968743
102.6016,125.57595,22.97435062255859
87.7172,133.8564,46.13919953613281
145.0128,122.64639,22.366407177734374
148.0418,120.7291,27.31269691162109
84.554,87.62864,3.074639221191404
49.5376,53.227013,3.689412634277346
146.576,125.18257,21.39342858886718
174.937,162.33475,12.602252685546887
197.511,176.3886,21.122404418945308
116.4834,98.76319,17.720208776855472
151.4708,144.83904,6.6317649658203095
144.476,154.18716,9.711164306640626
166.8816,167.49585,0.6142496093750083
257.6646,186.19812,71.46647988281251
51.535,86.969124,35.434123840332035
88.6198,115.20878,26.58897838134766
63.751,98.040955,34.28995458984375
115.4518,107.63348,7.818323742675787
106.4938,169.57417,63.08037297363282
35.4216,52.41492,16.993320806884768
150.9024,115.330246,35.57215402832031
258.3988,186.30768,72.09112177734374
145.276,127.5593,17.716696716308604
107.9912,138.72922,30.73801752929687
63.4484,102.17079,38.72239162597656
161.9578,158.198,3.7598019531249918
190.153,160.83781,29.315185668945304
258.8304,206.82275,52.00764609375
52.2324,125.18478,72.95237630615235
190.6872,166.58157,24.105626513671865
101.199,107.964,6.764996887207033
110.6544,137.65587,27.001468530273442
241.8512,199.17741,42.67378605957032
102.9016,97.28853,5.6130715576171895
91.0146,156.06226,65.047655859375
50.5666,159.29608,108.72948154296876
247.4434,194.93492,52.50847873535156
232.7616,224.38756,8.37404201660155
61.9168,83.52447,21.607667468261717
59.6562,113.94854,54.29233973388672
175.837,154.69276,21.144235717773427
147.6102,135.50713,12.103074145507804
119.3098,119.1615,0.14830097656249563
166.0526,147.13715,18.915454003906262
152.3024,138.98653,13.315873510742193
95.9726,119.0981,23.125498754882813
148.005,138.1717,9.833292846679683
159.3262,206.2343,46.90809870605469
142.0154,152.28073,10.265331201171875
231.401,217.14522,14.255782104492198
90.7462,75.93334,14.812858020019533
257.833,216.92834,40.90465527343753
34.5532,68.15027,33.5970685546875
86.4224,87.62084,1.1984419799804726
121.1098,83.73815,37.37164844970704
103.5332,96.85549,6.6777083618164
103.2332,110.61987,7.3866730468750035
173.8396,154.4017,19.437897119140615
245.4144,155.6643,89.750093359375
123.0414,135.5837,12.542294458007817
146.6102,180.26108,33.65087788085938
237.2906,177.10033,60.190273461914074
56.9588,74.47632,17.517518359375003
87.7882,153.99918,66.21097602539062
37.0874,49.15292,12.065519769287107
185.2608,131.64471,53.61608564453124
152.8366,154.67908,1.8424771484374958
97.3042,118.304016,20.999816113281256
108.2938,102.22542,6.068381909179692
208.2638,164.61716,43.64664301757813
156.6288,100.73551,55.893288220214856
148.0418,139.77193,8.269873120117182
256.1646,159.16794,96.99666176757813
79.2276,81.82265,2.595047094726567
147.5102,176.89713,29.386925244140627
258.462,181.75946,76.70253955078124
189.853,103.52575,86.32725079345704
262.6252,252.538,10.087205615234382
95.9436,124.08992,28.14632004394531
88.7856,126.1402,37.35459775390625
155.5998,165.7041,10.104301562500012
57.7588,100.416664,42.657864123535155
188.4898,143.22812,45.26168110351563
233.03,188.04245,44.987550048828126
178.6028,175.61768,2.985124218750002
104.899,147.73581,42.836809326171874
63.6484,97.91199,34.2635873046875
121.5414,130.03267,8.491269067382817
77.0644,89.200714,12.136314111328119
127.3678,125.97171,1.3960897949218776
88.3514,99.18339,10.831987756347658
47.1744,79.461,32.28659853515625
100.4042,120.15488,19.750676708984372
88.6856,162.81511,74.1295092529297
178.1028,188.85152,10.74871672363281
165.7184,136.65146,29.066941259765628
239.2196,211.9544,27.265193261718764
223.0404,197.77493,25.26546713867188
130.3994,147.50822,17.108824487304673
85.3882,84.0259,1.362298205566404
52.6666,144.75597,92.08936618652343
48.5034,54.830116,6.326716271972657
250.2092,203.72255,46.48665056152345
46.9718,123.91921,76.94741234130859
54.564,179.3771,124.81310571289063
42.2138,105.10994,62.89613957519531
164.3842,156.1498,8.23440446777343
128.102,153.23218,25.130177734374996
244.6144,200.94225,43.67215451660155
56.2614,63.8679,7.60650084838867
253.3724,246.2353,7.1370942138671865
132.9284,149.16693,16.23853115234374
45.5718,56.827473,11.255672686767575
149.7734,154.19409,4.420691796874991
188.1872,176.45169,11.735509326171865
243.6802,211.45045,32.22974528808595
172.1422,120.68879,51.45341063232422
124.6388,138.38402,13.745217944335934
106.028,74.145676,31.88232434082032
48.4692,82.39044,33.92124189453125
66.2142,98.195,31.980799694824213
106.6254,142.59784,35.97243935546875
214.6218,186.96497,27.656834179687507
110.1544,127.763535,17.609134545898442
200.4084,151.41203,48.99636691894531
94.9752,81.04473,13.930468859863282
39.9138,45.126347,5.212546588134764
42.4454,86.85439,44.408993005371094
185.3608,129.87198,55.48882124023439
180.5976,158.29692,22.300679223632812
169.279,149.14548,20.13352270507812
154.134,122.27779,31.856213745117174
156.4604,161.10883,4.648425683593757
154.5314,105.299576,49.23182419433593
144.2102,161.12698,16.91678364257814
113.1886,151.24173,38.05312973632813
146.8734,156.6071,9.733701440429684
146.4734,141.36424,5.1091574462890605
62.351,101.08251,38.73151190185547
98.241,99.61945,1.3784534301757816
167.779,167.65158,0.12741918945312136
147.0418,165.10326,18.061456225585943
92.5436,90.28629,2.2573069702148416
156.2314,143.70882,12.522583471679695
62.9194,83.547844,20.628443933105466
52.7956,79.97497,27.17936795654297
182.7608,195.60457,12.843768481445323
175.7712,140.92038,34.85082036132812
117.7782,130.8554,13.07719245605469
113.1834,112.527725,0.6556747802734435
206.8638,179.98589,26.87791437988281
50.6008,64.903496,14.30269578857422
94.5462,123.646484,29.100284375
76.7328,85.79086,9.058063037109378
87.2514,85.030304,2.221096044921879
47.5034,66.96192,19.458521691894532
88.3856,125.82119,37.4355898803711
183.9924,192.91687,8.924470117187496
43.1428,63.207592,20.064792010498046
229.4352,210.99031,18.444889331054696
142.3154,136.50597,5.8094338134765735
40.8796,66.91273,26.033127355957028
224.0772,207.47214,16.60506254882813
154.4314,143.18633,11.245074926757809
214.4218,200.48615,13.93565498046874
114.8492,131.0229,16.173703442382816
121.3098,124.166595,2.8567954589843794
210.5244,172.44643,38.07797360839845
228.801,99.29077,129.510228515625
251.8408,207.21397,44.626826000976564
249.6724,243.98228,5.690115454101573
148.3418,151.76839,3.426586840820306
221.1114,198.07368,23.03771530761719
188.1872,202.13617,13.94896943359376
95.8068,108.78755,12.980751879882817
149.0076,126.44989,22.557709863281246
192.8846,163.77943,29.105165795898444
161.221,128.35724,32.863761230468754
189.8214,157.28816,32.5332377685547
49.0034,112.9945,63.99109920654297
191.5846,157.84628,33.73831704101562
129.2626,133.7565,4.493900244140633
105.6648,120.67908,15.0142771484375
39.7506,75.64562,35.89502225341797
150.4734,150.87027,0.39686977539062696
107.3912,121.99969,14.608487194824221
100.47,135.28238,34.812379150390626
43.3454,85.24439,41.89899239501953
139.9496,155.21007,15.260467749023434
124.2046,142.51071,18.306111669921876
189.1872,131.68991,57.497289111328115
226.2404,176.20062,50.039777441406244
109.0228,143.67459,34.65179106445312
169.9764,148.12724,21.849156958007825
175.1738,119.48089,55.69291163330078
146.6076,188.20512,41.5975239013672
262.0594,231.28688,30.77251950683592
103.899,131.70885,27.809847045898437
92.8436,112.95811,20.11450699462891
78.167,130.7389,52.57190686035156
153.9656,162.1157,8.150107397460943
104.099,115.99848,11.899481750488277
97.8384,128.40067,30.562265283203132
116.8834,129.95972,13.076316796875005
97.341,92.196556,5.1444439086914
227.2352,209.30353,17.931672167968742
112.7518,118.91695,6.16514641113281
175.4712,169.27191,6.19928837890626
120.744,132.13972,11.395724731445313
108.5596,150.62239,42.06279074707031
54.864,202.09416,147.23016198730468
211.9244,189.35803,22.56636777343749
100.0384,98.49561,1.5427869018554645
119.7756,144.73663,24.961033300781253
100.07,119.67247,19.602470092773444
40.0164,82.7656,42.74920211181641
163.5526,182.40349,18.850888159179675
226.172,230.79932,4.627316406250003
195.911,196.19904,0.28803564453124864
182.5976,204.02808,21.430476171875
143.047,166.16403,23.117031982421878
177.4028,200.04422,22.64141997070311
52.9298,72.495346,19.565546069335937
105.9306,132.08408,26.153475927734377
110.757,110.771126,0.014125793457026248
196.811,179.09,17.721003662109382
148.6708,139.55534,9.115456372070327
222.5088,185.73659,36.772212475585945
239.8538,219.22997,20.62383479003907
47.1376,38.004463,9.133136804199218
87.0198,119.28984,32.270040698242184
108.0938,134.10733,26.013530322265623
40.6138,95.69381,55.080009509277346
85.9566,128.33997,42.383365820312505
216.5824,215.81136,0.7710444091796944
85.1908,82.60257,2.588230419921871
55.5298,104.68308,49.153282580566405
126.2046,125.54858,0.6560236450195305
102.2332,121.7669,19.533699108886722
36.7506,41.102867,4.352267126464845
96.541,105.48992,8.948921569824222
125.202,155.99211,30.79011120605469
153.9972,153.43307,0.5641250488281173
62.3194,155.95712,93.63772280273437
49.2034,78.59005,29.38664974365234
103.0306,141.00087,37.970269750976556
218.185,207.69281,10.492189941406252
226.072,225.53893,0.5330748291015652
73.8354,133.7824,59.94699440917968
95.841,112.36381,16.522807678222662
97.0068,120.2632,23.256398852539064
197.111,192.86331,4.247688232421865
220.8798,206.83711,14.042687573242176
129.5968,131.98196,2.3851641113281232
77.9986,119.72648,41.72787857666016
156.1314,134.24185,21.88954819335939
171.0764,158.87782,12.198577124023444
128.9652,142.21436,13.24915546874999
229.4694,185.94081,43.528588842773445
107.4938,100.02367,7.470133618164056
240.6222,161.45439,79.1678085205078
194.882,190.95168,3.9303245849609425
197.6426,183.51692,14.125678002929675
153.7972,128.86758,24.92961577148438
126.7704,114.92925,11.841147375488276
119.9414,134.91673,14.975332788085936
42.5428,98.84396,56.301163623046875
211.4244,195.95268,15.471717504882804
87.6198,132.74269,45.122891040039065
64.851,73.12125,8.270246337890626
191.4504,162.56581,28.88458884277344
222.5456,140.77182,81.77377993164063
152.0024,122.75182,29.250576574707026
96.541,101.1502,4.609199890136722
104.099,131.62282,27.52381799316406
159.6578,155.0143,4.643502514648446
171.1106,132.55115,38.559452539062505
189.653,189.24434,0.4086610107421791
120.8072,179.66916,58.86195893554688
57.3904,55.033764,2.3566361145019528
102.3648,102.528114,0.1633143188476538
98.1726,125.69869,27.52609232177734
43.6744,98.69527,55.020866723632814
211.556,193.15428,18.401718383789074
158.063,188.20026,30.137256347656262
190.6504,129.82143,60.82897360839843
43.6744,118.149,74.47460207519532
41.6138,66.903435,25.28963475341797
196.4426,197.1947,0.7521021484375012
205.3638,181.6163,23.747497509765623
46.306,127.952934,81.64693426513672
100.7674,123.93725,23.169848229980474
155.4314,159.58652,4.1551173339843785
99.47,119.449974,19.979974060058595
95.9094,117.95777,22.048371301269526
43.4454,157.69131,114.24591469726562
191.6846,156.27611,35.40849221191405
100.1384,81.09722,19.041178625488286
149.8076,151.78806,1.9804554199218671
40.8112,68.757744,27.94654383544922
44.1086,115.37532,71.26672043457032
167.2816,176.63388,9.352280615234378
127.502,178.93213,51.430128906250005
34.3532,45.89617,11.542971569824218
54.9614,95.84095,40.879550012207034
109.7228,148.01245,38.28965117187499
221.5456,200.45776,21.087836328125007
122.8388,114.10736,8.731439160156256
254.9356,176.30807,78.62752504882812
89.7146,99.78043,10.065833654785152
264.491,231.64224,32.84875756835936
158.363,194.03302,35.67002001953125
122.7072,120.120964,2.5862359497070315
33.3874,82.50607,49.118672998046875
133.1942,115.349014,17.845185717773433
79.296,115.3526,36.05660009765624
48.1034,75.038216,26.93481563720703
259.1962,257.98804,1.2081628906249762
222.6088,218.00406,4.604741162109377
155.763,160.0433,4.28030444335937
252.6356,243.12614,9.509455590820323
190.6872,207.78297,17.095774243164072
90.5804,107.208916,16.62851571044922
97.241,119.173004,21.932004150390625
39.1164,122.21217,83.09577346191406
184.424,191.75368,7.329677368164056
192.2478,186.77919,5.46860993652345
109.4596,95.35732,14.102277307128901
182.7634,166.72058,16.04281894531249
243.7828,192.83658,50.946221630859384
259.2304,251.1062,8.124198828124975
59.0246,77.019,17.994397192382813
37.3164,102.83602,65.51962142333984
185.8266,162.01443,23.81216518554689
199.8084,193.24109,6.567311132812506
130.6652,149.8436,19.178397412109376
87.3514,143.42975,56.07834853515625
146.0102,170.56104,24.550835156250002
178.566,177.09198,1.4740200195312525
156.5288,152.30527,4.223532666015615
42.0138,154.33194,112.31813969726562
153.5656,146.57625,6.989351831054677
206.1638,174.81134,31.35245966796876
98.3042,119.117226,20.81302564697266
38.319,65.91283,27.593826538085935
187.753,186.78728,0.9657227783202984
113.7544,174.3283,60.57389284667968
105.5938,126.68052,21.086719104003905
259.6936,218.7994,40.89420729980469
149.8366,126.28875,23.547850305175785
97.2384,83.49279,13.74560977783203
181.466,174.35262,7.113384643554696
178.8318,189.69583,10.864031298828138
119.3756,122.35162,2.9760235351562443
128.0678,155.33907,27.271265551757807
150.8392,147.77469,3.0645112792968803
192.1846,167.25159,24.93301308593749
151.7366,164.49298,12.75638095703124
207.727,173.4121,34.314905883789066
37.319,134.65608,97.33708215332031
196.5794,157.46257,39.116829809570305
47.2402,23.25712,23.983079867553712
167.879,195.53346,27.654462524414072
113.3834,126.08456,12.70115657958985
52.7956,69.24351,16.447907385253906
176.1028,173.5448,2.558000195312502
257.2672,250.44066,6.826541430664065
117.0124,114.388985,2.6234153198242183
58.8562,72.96781,14.111611584472655
77.2986,86.23771,8.939109045410163
147.876,146.76886,1.1071401367187548
179.266,169.32628,9.939721313476554
185.1898,134.18681,51.002986645507804
109.1886,167.13704,57.94843918457032
192.8846,132.01524,60.86935646972657
102.9332,146.2979,43.36469733886719
171.9422,159.79924,12.142959887695326
176.0028,180.8238,4.821006762695305
117.1808,128.6169,11.436097583007808
45.4086,60.53858,15.129981848144531
65.4142,77.59784,12.183639355468756
264.5568,251.05205,13.504752270507822
144.2812,133.16087,11.120326586914075
258.3988,233.63425,24.76455317382812
228.1694,153.382,74.78739621582031
261.9252,223.88203,38.043165698242206
102.4016,112.710434,10.308833959960936
98.6384,88.880875,9.757525366210942
128.931,126.074814,2.856186157226574
179.9318,162.69154,17.240256420898447
183.8608,180.99246,2.868337841796887
106.5306,95.69744,10.833158898925788
50.2324,61.795837,11.563437402343752
196.2426,144.98737,51.25523427734376
191.3846,174.91138,16.473223046875006
108.1938,106.05191,2.141889599609371
178.4318,183.38669,4.954888232421865
182.595,170.64037,11.954634399414061
161.9552,146.63101,15.324188037109366
264.091,176.72783,87.36317102050782
250.7408,228.84799,21.892808056640632
260.9594,186.47438,74.48501950683595
43.4086,74.98354,31.574943395996094
153.8998,161.3432,7.443400683593751
239.2196,223.85907,15.360530175781264
153.4656,167.70235,14.236746801757818
195.5478,112.56005,82.98774903564453
175.3028,173.84785,1.4549453857421781
177.237,172.78615,4.450851928710932
34.8216,94.89081,60.06920810546875
229.4668,76.85429,152.61251380615235
85.6908,97.03262,11.34182329101563
141.3154,148.09438,6.7789756103515515
73.7038,70.42852,3.2752797973632823
144.9102,144.67093,0.23927104492187823
256.5988,228.13562,28.463179882812483
187.6556,201.18689,13.531289648437507
259.2646,224.45503,34.80956765136716
226.1062,188.4172,37.688994189453126
153.1314,153.44019,0.3087855468749865
74.7354,124.204865,49.46946450195313
164.6526,145.47,19.18259877929688
95.6752,99.40785,3.7326521728515587
46.7376,154.29611,107.55851206054687
158.9288,145.84138,13.087415112304683
62.8826,68.37294,5.490340063476566
145.1444,154.0616,8.917199731445322
87.1198,122.03584,34.916042895507815
90.0804,109.24529,19.16489266357422
62.2194,97.76379,35.54438631591797
91.883,110.82994,18.946940795898442
120.344,124.37473,4.030732971191412
121.5414,113.37079,8.170611425781246
124.3704,166.51492,42.14452309570312
193.8162,214.93698,21.120781201171866
186.924,165.80077,21.12323400878907
158.8288,139.7407,19.088092602539064
224.4062,150.04768,74.3585162841797
246.446,233.16396,13.282044311523435
232.23,166.15417,66.07582519531249
34.3532,68.15027,33.7970685546875
108.7912,130.83461,22.04340998535156
38.7164,116.57268,77.8562776123047
82.225,104.318375,22.093374633789068
102.599,109.043945,6.444945312499996
190.8162,161.86073,28.955466967773447
50.035,91.039696,41.0046957397461
98.4042,119.86087,21.456670361328122
156.7604,165.83447,9.074072656249996
226.5404,212.26456,14.27584311523438
125.7362,170.9217,45.185507153320316
226.2062,155.58293,70.62326848144531
72.3038,67.47281,4.83099116210937
263.0226,208.05154,54.971055810546886
220.3456,210.35567,9.989932885742178
228.8352,190.67616,38.159037280273424
143.3444,144.78159,1.4371856933593676
250.7724,218.22331,32.54908762207032
209.627,167.60864,42.01835742187501
153.9998,130.7776,23.22219685058593
99.4016,96.13841,3.2631875244140645
176.837,166.5675,10.269495117187489
74.838,74.75973,0.07827252197265011
153.434,134.01657,19.417428955078122
115.3176,117.585205,2.2676050781250012
167.25,165.4471,1.8029022216796875
99.9042,117.63355,17.72935255126953
47.2718,92.47387,45.20206932373047
42.2138,75.26835,33.05454869384766
72.4038,134.01712,61.61332036132812
162.6552,157.72755,4.927645678710945
49.9034,43.326107,6.577292974853513
49.9324,66.74574,16.81334279785156
180.4002,92.49746,87.90274058837892
55.9246,105.77546,49.85085928955078
92.6436,104.12012,11.476517187499994
248.3408,234.15558,14.185221386718752
75.0354,133.10872,58.07331887207032
148.8392,145.58307,3.2561311523437553
186.0924,161.60445,24.487953588867185
151.8366,140.14803,11.688574487304692
89.3856,82.82197,6.563631921386715
159.5578,169.2017,9.643905932617201
188.8214,152.4363,36.38510544433595
102.4016,136.34247,33.94086826171875
53.3982,105.99227,52.59407142333984
196.2768,190.89145,5.385351025390634
107.5596,147.30518,39.74557578125
45.006,60.902515,15.896515411376953
251.3724,182.48091,68.89148874511719
44.2744,84.22277,39.94837069091797
180.566,159.77286,20.793142333984378
98.241,114.96672,16.725720581054688
102.8016,102.15858,0.6430230346679622
239.6538,225.8698,13.784003247070302
190.8162,172.75475,18.06145451660157
170.4422,169.58824,0.8539584228515764
186.7556,190.65083,3.8952331298828256
189.0846,181.18787,7.896733789062495
54.1298,75.97735,21.847548327636716
191.9162,188.53769,3.3785107910156285
157.063,119.41389,37.64911297607421
58.3562,147.88431,89.52810786132812
232.3668,198.11096,34.25583808593751
92.5804,94.41078,1.8303818603515651
195.3768,175.61789,19.758910595703128
232.63,191.11713,41.512873535156245
196.011,181.17793,14.833067260742183
154.534,159.70981,5.175808349609383
161.121,160.19307,0.9279305419921968
121.0072,122.899155,1.89195466308594
253.5698,232.50128,21.068518261718737
57.3904,119.20215,61.8117484375
37.4506,72.18803,34.737426428222655
185.1924,178.91766,6.274736425781242
260.6278,184.00516,76.62264252929685
174.9054,153.71625,21.189152441406236
80.2618,88.243065,7.9812648803711
241.7538,182.91832,58.835480297851575
233.9616,178.16737,55.79422634277344
188.553,149.91048,38.642523315429685
88.5856,128.56892,39.98332395019531
230.001,130.68695,99.31404931640625
52.0982,70.740715,18.64251502685547
151.4366,162.42694,10.990340917968751
111.657,118.90945,7.252446716308597
161.792,145.62204,16.169960205078127
263.291,190.45201,72.83898889160156
109.857,110.688324,0.8313239746093757
240.6222,224.10742,16.514778124999992
255.433,159.61559,95.81741467285156
197.7084,184.59988,13.108515966796887
164.6184,149.5695,15.04889621582032
241.8196,211.79002,30.02957619628907
156.5288,143.92323,12.605566967773427
125.2678,149.01399,23.74619230957032
182.2608,158.88335,23.3774534423828
193.482,119.73087,73.75112689208984
194.3452,169.85194,24.493256030273443
117.2782,129.97037,12.692167431640627
212.6902,216.22949,3.5392921874999956
194.711,180.49785,14.213151489257825
150.9024,137.97012,12.932276708984375
141.3838,131.76564,9.618159741210945
197.411,147.7553,49.655705200195314
160.492,154.75676,5.735240356445303
148.4392,149.4549,1.0156950195312504
114.2518,119.33222,5.080421984863278
85.154,119.27341,34.11940698242188
171.7448,170.95476,0.7900423095703104
114.1492,119.26433,5.115128002929694
217.0824,189.93228,27.150118505859382
88.9514,73.461914,15.489485937500007
184.824,185.96724,1.1432393798828002
73.838,69.19768,4.640322387695306
98.6068,137.62683,39.02003105468749
50.8324,65.11433,14.281926477050781
181.466,158.09312,23.37287561035157
89.4856,123.08418,33.59858273925781
195.7768,179.96892,15.807882153320321
242.7512,166.34723,76.40397099609376
263.0252,232.09616,30.92903911132811
145.8102,87.833305,57.97689464111329
179.3976,161.19112,18.2064836669922
170.3764,143.52748,26.848918920898427
44.5086,147.58736,103.07875656738281
94.7778,102.24858,7.470780932617188
251.704,235.23456,16.469441894531258
159.4604,145.48105,13.979351416015618
250.9408,119.790375,131.15042524414062
41.1454,149.57732,108.43191628417969
101.799,105.16611,3.3671071777343684
101.1358,104.81057,3.6747697631835905
132.5626,170.12407,37.561469213867184
141.8838,132.30232,9.581477612304695
93.4436,109.30031,15.856708227539059
186.824,179.68155,7.142450927734387
233.4958,215.71152,17.784282666015628
89.5856,116.13735,26.551751989746094
152.3998,139.9992,12.400593457031249
179.1344,153.77516,25.359238256835937
195.311,193.72891,1.582087646484382
38.6848,80.55634,41.87154307861328
120.5414,126.09984,5.558438256835942
174.0712,141.80849,32.26271306152344
56.3614,78.25712,21.895718225097653
223.0404,190.50333,32.53707358398438
119.9756,132.92973,12.954133276367187
147.5392,163.2248,15.685592480468756
195.2478,180.27051,14.977292187500012
166.5158,114.48776,52.02803754882814
115.1808,129.72993,14.549134692382808
85.6198,122.55509,36.93529185791016
164.8526,147.95699,16.895614526367183
125.6046,116.256546,9.348053979492192
115.3518,164.23578,48.88397880859375
110.657,169.3367,58.67970043945313
168.7132,167.35191,1.361286547851563
176.3396,155.13112,21.208481225585928
195.8136,179.63245,16.181153710937508
232.6984,159.54796,73.15044162597655
108.7596,113.91006,5.150457067871088
114.0176,122.01174,7.994141638183592
175.537,183.71388,8.176882446289056
83.2592,80.0727,3.1864994995117257
60.6562,73.60223,12.94602625732422
177.0054,132.20824,44.79716330566407
39.9822,41.66784,1.68563905029297
42.8086,58.857056,16.0484556640625
172.8396,129.2325,43.60710183105468
109.2228,153.95789,44.73508574218749
174.2054,163.58176,10.623643408203122
234.5616,133.5584,101.00320461425781
112.2518,101.9785,10.273299633789065
199.4426,157.63437,41.808231103515624
182.8266,180.00862,2.817978784179701
168.7132,175.05177,6.338573071289062
254.904,174.1855,80.71849890136718
145.076,142.8727,2.203304077148431
194.1478,181.04843,13.099368603515614
218.2166,198.01558,20.201020776367187
107.1964,107.491425,0.295024560546878
164.8868,144.8751,20.011693188476556
141.7838,162.73938,20.955579882812486
258.062,163.77783,94.28416796875001
43.5454,114.96789,71.42248787841797
111.0228,155.4095,44.38670012207031
257.633,250.9466,6.686405761718731
198.211,198.45241,0.24140783691404977
123.7704,111.14096,12.62943930664062
186.824,178.32849,8.495508789062512
104.9622,120.910866,15.94866578369141
100.5358,124.84353,24.3077287475586
121.3098,152.23349,30.92368999023438
161.521,128.03757,33.48343286132811
105.3622,135.67505,30.312848828125
55.993,44.076546,11.91645428466797
82.5934,114.56302,31.969618798828122
160.4894,153.53214,6.957264990234364
177.537,173.54024,3.9967625732421936
171.0132,159.14163,11.871567919921887
111.3228,156.03888,44.71607939453125
128.402,144.24147,15.839470336914076
125.173,140.40457,15.231571533203123
155.2018,94.86772,60.334078442382804
114.4518,109.66776,4.7840372436523495
190.4846,168.66658,21.818019799804688
235.3958,204.20686,31.188936596679696
140.2154,162.67462,22.45922158203126
119.9124,120.40258,0.49018026123046354
185.9266,170.77773,15.148874780273445
111.986,122.937195,10.951194824218746
186.0898,169.90135,16.18844807128906
191.053,187.793,3.2600007324218723
43.5086,48.953854,5.445253607177733
185.924,163.28845,22.635547851562507
65.7168,117.28012,51.56332084960937
256.4672,239.15941,17.307791430664054
182.6266,176.5121,6.114499780273434
55.7956,82.69273,26.897133764648437
89.6514,96.95612,7.304723352050786
100.0384,126.638596,26.60019558105469
110.2912,110.34792,0.056723278808590294
130.9284,150.62575,19.697347680664052
167.4816,128.9268,38.5547964111328
139.818,146.28902,6.4710167236328004
185.424,175.24734,10.176655029296882
86.3856,118.46263,32.07703122558594
110.8544,122.5125,11.65809694824219
200.0742,159.2083,40.8659022705078
196.7426,188.89696,7.845642602539073
39.0164,158.64133,119.62492690429687
117.7492,161.46492,43.71572004394531
95.2068,89.718346,5.4884543579101575
197.7768,172.45259,25.324209057617196
184.8582,185.73944,0.8812409179687393
196.8768,167.90549,28.971312939453128
59.9878,128.73593,68.74813139648438
123.1046,134.23474,11.130141210937495
